{"cameraMode":{"drawMode":0,"name":"Shaded","section":"Shading Mode"},"sceneLighting":true,"audioPlay":false,"sceneViewState":{"showFog":true,"showMaterialUpdate":true,"showSkybox":true,"showFlares":true,"showImageEffects":true,"showParticleSystems":true},"in2DMode":false,"pivot":{"x":-1.3320503234863282,"y":-2.001779079437256,"z":1.2027044296264649},"rotation":{"x":-0.16760236024856568,"y":0.6444740891456604,"z":-0.14771665632724763,"w":-0.7312608361244202},"size":15.618321418762207,"orthographic":false}